<?xml version="1.0" encoding="UTF-8"?>
<export version="E">
  <design>
    <source>D:\9. noveno semestre\Diseño de sistemas electronicos\esquematico_ESP32_version_2.2\esp32_2.kicad_sch</source>
    <date>5/15/2022 11:10:33 PM</date>
    <tool>Eeschema (6.0.1)</tool>
    <sheet number="1" name="/" tstamps="/">
      <title_block>
        <title/>
        <company/>
        <rev/>
        <date/>
        <source>esp32_2.kicad_sch</source>
        <comment number="1" value=""/>
        <comment number="2" value=""/>
        <comment number="3" value=""/>
        <comment number="4" value=""/>
        <comment number="5" value=""/>
        <comment number="6" value=""/>
        <comment number="7" value=""/>
        <comment number="8" value=""/>
        <comment number="9" value=""/>
      </title_block>
    </sheet>
    <sheet number="2" name="/perifericos/" tstamps="/90dc18a7-d136-49c5-aca7-9f578dd2dde7/">
      <title_block>
        <title/>
        <company/>
        <rev/>
        <date/>
        <source>perifericos.kicad_sch</source>
        <comment number="1" value=""/>
        <comment number="2" value=""/>
        <comment number="3" value=""/>
        <comment number="4" value=""/>
        <comment number="5" value=""/>
        <comment number="6" value=""/>
        <comment number="7" value=""/>
        <comment number="8" value=""/>
        <comment number="9" value=""/>
      </title_block>
    </sheet>
    <sheet number="3" name="/funcionamiento/" tstamps="/5125aeff-fbaf-4069-9b26-eba443c92f10/">
      <title_block>
        <title/>
        <company/>
        <rev/>
        <date/>
        <source>funcionamiento.kicad_sch</source>
        <comment number="1" value=""/>
        <comment number="2" value=""/>
        <comment number="3" value=""/>
        <comment number="4" value=""/>
        <comment number="5" value=""/>
        <comment number="6" value=""/>
        <comment number="7" value=""/>
        <comment number="8" value=""/>
        <comment number="9" value=""/>
      </title_block>
    </sheet>
    <sheet number="4" name="/perifericos/Conversor de niveles/" tstamps="/90dc18a7-d136-49c5-aca7-9f578dd2dde7/f793cc0c-ede8-43dc-9a01-a81d5ad3f9fc/">
      <title_block>
        <title/>
        <company/>
        <rev/>
        <date/>
        <source>conversor_niveles.kicad_sch</source>
        <comment number="1" value=""/>
        <comment number="2" value=""/>
        <comment number="3" value=""/>
        <comment number="4" value=""/>
        <comment number="5" value=""/>
        <comment number="6" value=""/>
        <comment number="7" value=""/>
        <comment number="8" value=""/>
        <comment number="9" value=""/>
      </title_block>
    </sheet>
    <sheet number="5" name="/funcionamiento/regulador1/" tstamps="/5125aeff-fbaf-4069-9b26-eba443c92f10/ab816942-ca37-4395-8381-87b62ed341fa/">
      <title_block>
        <title/>
        <company/>
        <rev/>
        <date/>
        <source>regulador.kicad_sch</source>
        <comment number="1" value=""/>
        <comment number="2" value=""/>
        <comment number="3" value=""/>
        <comment number="4" value=""/>
        <comment number="5" value=""/>
        <comment number="6" value=""/>
        <comment number="7" value=""/>
        <comment number="8" value=""/>
        <comment number="9" value=""/>
      </title_block>
    </sheet>
  </design>
  <components>
    <comp ref="C1">
      <value>C</value>
      <footprint>Capacitor_SMD:C_0805_2012Metric_Pad1.18x1.45mm_HandSolder</footprint>
      <libsource lib="Device" part="C" description="Unpolarized capacitor"/>
      <property name="Sheetname" value=""/>
      <property name="Sheetfile" value="esp32_2.kicad_sch"/>
      <sheetpath names="/" tstamps="/"/>
      <tstamps>c68781dd-0297-4f6e-84e0-25d6f076977b</tstamps>
    </comp>
    <comp ref="C2">
      <value>C</value>
      <footprint>Capacitor_SMD:C_0805_2012Metric_Pad1.18x1.45mm_HandSolder</footprint>
      <libsource lib="Device" part="C" description="Unpolarized capacitor"/>
      <property name="Sheetname" value=""/>
      <property name="Sheetfile" value="esp32_2.kicad_sch"/>
      <sheetpath names="/" tstamps="/"/>
      <tstamps>efd3296c-45d0-4644-8ca7-86a2b5d08997</tstamps>
    </comp>
    <comp ref="C3">
      <value>C_Polarized</value>
      <footprint>Capacitor_SMD:C_0805_2012Metric_Pad1.18x1.45mm_HandSolder</footprint>
      <fields>
        <field name="Página Compra">https://articulo.mercadolibre.com.co/MCO-867216437-x2-47uf-16v-smd-condensador-electrolitico-de-aluminio-_JM#position=4&amp;search_layout=stack&amp;type=item&amp;tracking_id=4109510f-dc30-4b22-b5f2-622256f4e89a</field>
      </fields>
      <libsource lib="Device" part="C_Polarized" description="Polarized capacitor"/>
      <property name="Página Compra" value="https://articulo.mercadolibre.com.co/MCO-867216437-x2-47uf-16v-smd-condensador-electrolitico-de-aluminio-_JM#position=4&amp;search_layout=stack&amp;type=item&amp;tracking_id=4109510f-dc30-4b22-b5f2-622256f4e89a"/>
      <property name="Sheetname" value=""/>
      <property name="Sheetfile" value="esp32_2.kicad_sch"/>
      <sheetpath names="/" tstamps="/"/>
      <tstamps>0a8fb98b-26c6-43af-94b5-0a498a75c195</tstamps>
    </comp>
    <comp ref="J1">
      <value>Conn_01x05_Female</value>
      <footprint>Connector_Molex:Molex_SL_171971-0005_1x05_P2.54mm_Vertical</footprint>
      <libsource lib="Connector" part="Conn_01x05_Female" description="Generic connector, single row, 01x05, script generated (kicad-library-utils/schlib/autogen/connector/)"/>
      <property name="Sheetname" value=""/>
      <property name="Sheetfile" value="esp32_2.kicad_sch"/>
      <sheetpath names="/" tstamps="/"/>
      <tstamps>5b1134d1-ab5f-48fa-b527-ffdc1b4c5ff5</tstamps>
    </comp>
    <comp ref="R1">
      <value>R</value>
      <footprint>Resistor_SMD:R_0805_2012Metric_Pad1.20x1.40mm_HandSolder</footprint>
      <libsource lib="Device" part="R" description="Resistor"/>
      <property name="Sheetname" value=""/>
      <property name="Sheetfile" value="esp32_2.kicad_sch"/>
      <sheetpath names="/" tstamps="/"/>
      <tstamps>811fc961-3b53-4988-9d52-c2af6da587e1</tstamps>
    </comp>
    <comp ref="R2">
      <value>R</value>
      <footprint>Resistor_SMD:R_0805_2012Metric_Pad1.20x1.40mm_HandSolder</footprint>
      <libsource lib="Device" part="R" description="Resistor"/>
      <property name="Sheetname" value=""/>
      <property name="Sheetfile" value="esp32_2.kicad_sch"/>
      <sheetpath names="/" tstamps="/"/>
      <tstamps>f0f39cd4-ec10-4740-8c9f-2a648fe1ba10</tstamps>
    </comp>
    <comp ref="SW1">
      <value>SW_Push</value>
      <footprint>Button_Switch_SMD:SW_SPST_EVQQ2</footprint>
      <libsource lib="Switch" part="SW_Push" description="Push button switch, generic, two pins"/>
      <property name="Sheetname" value=""/>
      <property name="Sheetfile" value="esp32_2.kicad_sch"/>
      <sheetpath names="/" tstamps="/"/>
      <tstamps>68435389-e911-43d9-accd-f38462c79cab</tstamps>
    </comp>
    <comp ref="SW2">
      <value>SW_Push</value>
      <footprint>Button_Switch_SMD:SW_SPST_EVQQ2</footprint>
      <libsource lib="Switch" part="SW_Push" description="Push button switch, generic, two pins"/>
      <property name="Sheetname" value=""/>
      <property name="Sheetfile" value="esp32_2.kicad_sch"/>
      <sheetpath names="/" tstamps="/"/>
      <tstamps>7c72e10d-5c27-41ab-9844-8a388c7b7003</tstamps>
    </comp>
    <comp ref="U1">
      <value>ESP32-WROOM-32</value>
      <footprint>RF_Module:ESP32-WROOM-32</footprint>
      <datasheet>https://www.espressif.com/sites/default/files/documentation/esp32-wroom-32_datasheet_en.pdf</datasheet>
      <libsource lib="RF_Module" part="ESP32-WROOM-32" description="RF Module, ESP32-D0WDQ6 SoC, Wi-Fi 802.11b/g/n, Bluetooth, BLE, 32-bit, 2.7-3.6V, onboard antenna, SMD"/>
      <property name="Sheetname" value=""/>
      <property name="Sheetfile" value="esp32_2.kicad_sch"/>
      <sheetpath names="/" tstamps="/"/>
      <tstamps>f73cbebc-ac60-4edc-9956-efadf364e1f4</tstamps>
    </comp>
    <comp ref="D1">
      <value>LED</value>
      <footprint>LED_SMD:LED_1206_3216Metric_Pad1.42x1.75mm_HandSolder</footprint>
      <fields>
        <field name="compra">https://articulo.mercadolibre.com.co/MCO-638946948-diodo-led-smd-1206-x-5-unidades-_JM?searchVariation=88912430079#searchVariation=88912430079&amp;position=43&amp;search_layout=stack&amp;type=item&amp;tracking_id=d4231f3d-9e3d-4e5a-af3b-f00ddaa8a1b0</field>
      </fields>
      <libsource lib="Device" part="LED" description="Light emitting diode"/>
      <property name="compra" value="https://articulo.mercadolibre.com.co/MCO-638946948-diodo-led-smd-1206-x-5-unidades-_JM?searchVariation=88912430079#searchVariation=88912430079&amp;position=43&amp;search_layout=stack&amp;type=item&amp;tracking_id=d4231f3d-9e3d-4e5a-af3b-f00ddaa8a1b0"/>
      <property name="Sheetname" value="perifericos"/>
      <property name="Sheetfile" value="perifericos.kicad_sch"/>
      <sheetpath names="/perifericos/" tstamps="/90dc18a7-d136-49c5-aca7-9f578dd2dde7/"/>
      <tstamps>7cbb4cf2-d39b-4cae-b2fd-23730c35b330</tstamps>
    </comp>
    <comp ref="D2">
      <value>LED</value>
      <footprint>LED_SMD:LED_1206_3216Metric_Pad1.42x1.75mm_HandSolder</footprint>
      <fields>
        <field name="compra">https://articulo.mercadolibre.com.co/MCO-638946948-diodo-led-smd-1206-x-5-unidades-_JM?searchVariation=88912430079#searchVariation=88912430079&amp;position=43&amp;search_layout=stack&amp;type=item&amp;tracking_id=d4231f3d-9e3d-4e5a-af3b-f00ddaa8a1b0</field>
      </fields>
      <libsource lib="Device" part="LED" description="Light emitting diode"/>
      <property name="compra" value="https://articulo.mercadolibre.com.co/MCO-638946948-diodo-led-smd-1206-x-5-unidades-_JM?searchVariation=88912430079#searchVariation=88912430079&amp;position=43&amp;search_layout=stack&amp;type=item&amp;tracking_id=d4231f3d-9e3d-4e5a-af3b-f00ddaa8a1b0"/>
      <property name="Sheetname" value="perifericos"/>
      <property name="Sheetfile" value="perifericos.kicad_sch"/>
      <sheetpath names="/perifericos/" tstamps="/90dc18a7-d136-49c5-aca7-9f578dd2dde7/"/>
      <tstamps>22d464c6-72d8-4902-9692-dba24d8c5eeb</tstamps>
    </comp>
    <comp ref="FB1">
      <value>FerriteBead</value>
      <footprint>Resistor_SMD:R_0603_1608Metric_Pad0.98x0.95mm_HandSolder</footprint>
      <libsource lib="Device" part="FerriteBead" description="Ferrite bead"/>
      <property name="Sheetname" value="perifericos"/>
      <property name="Sheetfile" value="perifericos.kicad_sch"/>
      <sheetpath names="/perifericos/" tstamps="/90dc18a7-d136-49c5-aca7-9f578dd2dde7/"/>
      <tstamps>871fe201-8570-4ab4-b58c-0d248a209c25</tstamps>
    </comp>
    <comp ref="J2">
      <value>Conn_01x08_Female</value>
      <footprint>Connector_JST:JST_EH_S8B-EH_1x08_P2.50mm_Horizontal</footprint>
      <libsource lib="Connector" part="Conn_01x08_Female" description="Generic connector, single row, 01x08, script generated (kicad-library-utils/schlib/autogen/connector/)"/>
      <property name="Sheetname" value="perifericos"/>
      <property name="Sheetfile" value="perifericos.kicad_sch"/>
      <sheetpath names="/perifericos/" tstamps="/90dc18a7-d136-49c5-aca7-9f578dd2dde7/"/>
      <tstamps>2d804580-45d8-4d5b-af99-e9291a298cf1</tstamps>
    </comp>
    <comp ref="J3">
      <value>Conn_01x08_Female</value>
      <footprint>Connector_JST:JST_EH_S8B-EH_1x08_P2.50mm_Horizontal</footprint>
      <libsource lib="Connector" part="Conn_01x08_Female" description="Generic connector, single row, 01x08, script generated (kicad-library-utils/schlib/autogen/connector/)"/>
      <property name="Sheetname" value="perifericos"/>
      <property name="Sheetfile" value="perifericos.kicad_sch"/>
      <sheetpath names="/perifericos/" tstamps="/90dc18a7-d136-49c5-aca7-9f578dd2dde7/"/>
      <tstamps>c5f9c5ba-eaba-4ed7-a7ac-63266be1ab53</tstamps>
    </comp>
    <comp ref="J4">
      <value>USB_A</value>
      <footprint>Connector_USB:USB_A_Molex_67643_Horizontal</footprint>
      <datasheet> ~</datasheet>
      <libsource lib="Connector" part="USB_A" description="USB Type A connector"/>
      <property name="Sheetname" value="perifericos"/>
      <property name="Sheetfile" value="perifericos.kicad_sch"/>
      <sheetpath names="/perifericos/" tstamps="/90dc18a7-d136-49c5-aca7-9f578dd2dde7/"/>
      <tstamps>8229cf0f-f13e-4fa4-b883-d7fe056db563</tstamps>
    </comp>
    <comp ref="J5">
      <value>Conn_01x14_Female</value>
      <footprint>Connector_JST:JST_EH_S14B-EH_1x14_P2.50mm_Horizontal</footprint>
      <libsource lib="Connector" part="Conn_01x14_Female" description="Generic connector, single row, 01x14, script generated (kicad-library-utils/schlib/autogen/connector/)"/>
      <property name="Sheetname" value="perifericos"/>
      <property name="Sheetfile" value="perifericos.kicad_sch"/>
      <sheetpath names="/perifericos/" tstamps="/90dc18a7-d136-49c5-aca7-9f578dd2dde7/"/>
      <tstamps>8d53e9c9-18a3-4109-aa53-d44adf9141cf</tstamps>
    </comp>
    <comp ref="J6">
      <value>Conn_01x04_Female</value>
      <footprint>Connector_JST:JST_EH_S4B-EH_1x04_P2.50mm_Horizontal</footprint>
      <libsource lib="Connector" part="Conn_01x04_Female" description="Generic connector, single row, 01x04, script generated (kicad-library-utils/schlib/autogen/connector/)"/>
      <property name="Sheetname" value="perifericos"/>
      <property name="Sheetfile" value="perifericos.kicad_sch"/>
      <sheetpath names="/perifericos/" tstamps="/90dc18a7-d136-49c5-aca7-9f578dd2dde7/"/>
      <tstamps>30b53b81-8d67-451d-9f9a-fabac55afe7e</tstamps>
    </comp>
    <comp ref="R3">
      <value>R</value>
      <footprint>Resistor_SMD:R_0805_2012Metric_Pad1.20x1.40mm_HandSolder</footprint>
      <libsource lib="Device" part="R" description="Resistor"/>
      <property name="Sheetname" value="perifericos"/>
      <property name="Sheetfile" value="perifericos.kicad_sch"/>
      <sheetpath names="/perifericos/" tstamps="/90dc18a7-d136-49c5-aca7-9f578dd2dde7/"/>
      <tstamps>996ed483-6936-4c87-b966-27267e8b6020</tstamps>
    </comp>
    <comp ref="R4">
      <value>R</value>
      <footprint>Resistor_SMD:R_0805_2012Metric_Pad1.20x1.40mm_HandSolder</footprint>
      <libsource lib="Device" part="R" description="Resistor"/>
      <property name="Sheetname" value="perifericos"/>
      <property name="Sheetfile" value="perifericos.kicad_sch"/>
      <sheetpath names="/perifericos/" tstamps="/90dc18a7-d136-49c5-aca7-9f578dd2dde7/"/>
      <tstamps>8c3aef16-78ad-446d-98dc-ff48ffd791f4</tstamps>
    </comp>
    <comp ref="C4">
      <value>C</value>
      <footprint>Capacitor_SMD:C_0805_2012Metric_Pad1.18x1.45mm_HandSolder</footprint>
      <libsource lib="Device" part="C" description="Unpolarized capacitor"/>
      <property name="Sheetname" value="funcionamiento"/>
      <property name="Sheetfile" value="funcionamiento.kicad_sch"/>
      <sheetpath names="/funcionamiento/" tstamps="/5125aeff-fbaf-4069-9b26-eba443c92f10/"/>
      <tstamps>47a92999-85b6-4838-bf9c-de8805710a0e</tstamps>
    </comp>
    <comp ref="C5">
      <value>C</value>
      <footprint>Capacitor_SMD:C_0805_2012Metric_Pad1.18x1.45mm_HandSolder</footprint>
      <libsource lib="Device" part="C" description="Unpolarized capacitor"/>
      <property name="Sheetname" value="funcionamiento"/>
      <property name="Sheetfile" value="funcionamiento.kicad_sch"/>
      <sheetpath names="/funcionamiento/" tstamps="/5125aeff-fbaf-4069-9b26-eba443c92f10/"/>
      <tstamps>cd914efc-af8e-4f0a-a357-7058f3b85b01</tstamps>
    </comp>
    <comp ref="C6">
      <value>C</value>
      <footprint>Capacitor_SMD:C_0805_2012Metric_Pad1.18x1.45mm_HandSolder</footprint>
      <libsource lib="Device" part="C" description="Unpolarized capacitor"/>
      <property name="Sheetname" value="funcionamiento"/>
      <property name="Sheetfile" value="funcionamiento.kicad_sch"/>
      <sheetpath names="/funcionamiento/" tstamps="/5125aeff-fbaf-4069-9b26-eba443c92f10/"/>
      <tstamps>e5762204-9e07-48f8-b103-f84e0a819e65</tstamps>
    </comp>
    <comp ref="C7">
      <value>C</value>
      <footprint>Capacitor_SMD:C_0805_2012Metric_Pad1.18x1.45mm_HandSolder</footprint>
      <libsource lib="Device" part="C" description="Unpolarized capacitor"/>
      <property name="Sheetname" value="funcionamiento"/>
      <property name="Sheetfile" value="funcionamiento.kicad_sch"/>
      <sheetpath names="/funcionamiento/" tstamps="/5125aeff-fbaf-4069-9b26-eba443c92f10/"/>
      <tstamps>2433beca-5958-4b6f-9211-d9011a22816b</tstamps>
    </comp>
    <comp ref="D3">
      <value>LED</value>
      <footprint>LED_SMD:LED_1206_3216Metric_Pad1.42x1.75mm_HandSolder</footprint>
      <libsource lib="Device" part="LED" description="Light emitting diode"/>
      <property name="Sheetname" value="funcionamiento"/>
      <property name="Sheetfile" value="funcionamiento.kicad_sch"/>
      <sheetpath names="/funcionamiento/" tstamps="/5125aeff-fbaf-4069-9b26-eba443c92f10/"/>
      <tstamps>e710667c-e0ed-412c-93d4-770d06307d44</tstamps>
    </comp>
    <comp ref="FB2">
      <value>FerriteBead</value>
      <footprint>Resistor_SMD:R_0603_1608Metric_Pad0.98x0.95mm_HandSolder</footprint>
      <libsource lib="Device" part="FerriteBead" description="Ferrite bead"/>
      <property name="Sheetname" value="funcionamiento"/>
      <property name="Sheetfile" value="funcionamiento.kicad_sch"/>
      <sheetpath names="/funcionamiento/" tstamps="/5125aeff-fbaf-4069-9b26-eba443c92f10/"/>
      <tstamps>6548d242-5075-4aa4-ae07-1fa2ed98c9ee</tstamps>
    </comp>
    <comp ref="J7">
      <value>Conn_01x02_Female</value>
      <footprint>Connector_JST:JST_EH_S2B-EH_1x02_P2.50mm_Horizontal</footprint>
      <libsource lib="Connector" part="Conn_01x02_Female" description="Generic connector, single row, 01x02, script generated (kicad-library-utils/schlib/autogen/connector/)"/>
      <property name="Sheetname" value="funcionamiento"/>
      <property name="Sheetfile" value="funcionamiento.kicad_sch"/>
      <sheetpath names="/funcionamiento/" tstamps="/5125aeff-fbaf-4069-9b26-eba443c92f10/"/>
      <tstamps>509084eb-fb1e-4ec5-bc5d-a4c11806c191</tstamps>
    </comp>
    <comp ref="R5">
      <value>R</value>
      <footprint>Resistor_SMD:R_0805_2012Metric_Pad1.20x1.40mm_HandSolder</footprint>
      <libsource lib="Device" part="R" description="Resistor"/>
      <property name="Sheetname" value="funcionamiento"/>
      <property name="Sheetfile" value="funcionamiento.kicad_sch"/>
      <sheetpath names="/funcionamiento/" tstamps="/5125aeff-fbaf-4069-9b26-eba443c92f10/"/>
      <tstamps>d9d51edd-1153-42e2-964d-e921c035d9b5</tstamps>
    </comp>
    <comp ref="U2">
      <value>LM1117-3.3</value>
      <footprint>Package_TO_SOT_SMD:SOT-323_SC-70_Handsoldering</footprint>
      <datasheet>http://www.ti.com/lit/ds/symlink/lm1117.pdf</datasheet>
      <fields>
        <field name="compra">https://articulo.mercadolibre.com.co/MCO-453714164-regulador-voltaje-33-voltios-asm1117-arduino-_JM</field>
      </fields>
      <libsource lib="Regulator_Linear" part="LM1117-3.3" description="800mA Low-Dropout Linear Regulator, 3.3V fixed output, TO-220/TO-252/TO-263/SOT-223"/>
      <property name="compra" value="https://articulo.mercadolibre.com.co/MCO-453714164-regulador-voltaje-33-voltios-asm1117-arduino-_JM"/>
      <property name="Sheetname" value="funcionamiento"/>
      <property name="Sheetfile" value="funcionamiento.kicad_sch"/>
      <sheetpath names="/funcionamiento/" tstamps="/5125aeff-fbaf-4069-9b26-eba443c92f10/"/>
      <tstamps>4823b820-ba1b-421c-ab78-da35fdaf6454</tstamps>
    </comp>
    <comp ref="Q1">
      <value>BSS138</value>
      <footprint>Package_TO_SOT_SMD:SOT-23</footprint>
      <datasheet>https://www.onsemi.com/pub/Collateral/BSS138-D.PDF</datasheet>
      <libsource lib="Transistor_FET" part="BSS138" description="50V Vds, 0.22A Id, N-Channel MOSFET, SOT-23"/>
      <property name="Sheetname" value="Conversor de niveles"/>
      <property name="Sheetfile" value="conversor_niveles.kicad_sch"/>
      <sheetpath names="/perifericos/Conversor de niveles/" tstamps="/90dc18a7-d136-49c5-aca7-9f578dd2dde7/f793cc0c-ede8-43dc-9a01-a81d5ad3f9fc/"/>
      <tstamps>698ef3e5-c802-45b7-80dd-701416eb8328</tstamps>
    </comp>
    <comp ref="Q2">
      <value>BSS138</value>
      <footprint>Package_TO_SOT_SMD:SOT-23</footprint>
      <datasheet>https://www.onsemi.com/pub/Collateral/BSS138-D.PDF</datasheet>
      <libsource lib="Transistor_FET" part="BSS138" description="50V Vds, 0.22A Id, N-Channel MOSFET, SOT-23"/>
      <property name="Sheetname" value="Conversor de niveles"/>
      <property name="Sheetfile" value="conversor_niveles.kicad_sch"/>
      <sheetpath names="/perifericos/Conversor de niveles/" tstamps="/90dc18a7-d136-49c5-aca7-9f578dd2dde7/f793cc0c-ede8-43dc-9a01-a81d5ad3f9fc/"/>
      <tstamps>4bd720fc-293f-48e3-927c-8b42943e0c5d</tstamps>
    </comp>
    <comp ref="R6">
      <value>R</value>
      <footprint>Resistor_SMD:R_0805_2012Metric_Pad1.20x1.40mm_HandSolder</footprint>
      <libsource lib="Device" part="R" description="Resistor"/>
      <property name="Sheetname" value="Conversor de niveles"/>
      <property name="Sheetfile" value="conversor_niveles.kicad_sch"/>
      <sheetpath names="/perifericos/Conversor de niveles/" tstamps="/90dc18a7-d136-49c5-aca7-9f578dd2dde7/f793cc0c-ede8-43dc-9a01-a81d5ad3f9fc/"/>
      <tstamps>089b9fe9-7f92-4a3b-aa42-3337ce56dfc4</tstamps>
    </comp>
    <comp ref="R7">
      <value>R</value>
      <footprint>Resistor_SMD:R_0805_2012Metric_Pad1.20x1.40mm_HandSolder</footprint>
      <libsource lib="Device" part="R" description="Resistor"/>
      <property name="Sheetname" value="Conversor de niveles"/>
      <property name="Sheetfile" value="conversor_niveles.kicad_sch"/>
      <sheetpath names="/perifericos/Conversor de niveles/" tstamps="/90dc18a7-d136-49c5-aca7-9f578dd2dde7/f793cc0c-ede8-43dc-9a01-a81d5ad3f9fc/"/>
      <tstamps>7f3bd6e5-4984-4745-b8cc-78bf883eceac</tstamps>
    </comp>
    <comp ref="R8">
      <value>R</value>
      <footprint>Resistor_SMD:R_0805_2012Metric_Pad1.20x1.40mm_HandSolder</footprint>
      <libsource lib="Device" part="R" description="Resistor"/>
      <property name="Sheetname" value="Conversor de niveles"/>
      <property name="Sheetfile" value="conversor_niveles.kicad_sch"/>
      <sheetpath names="/perifericos/Conversor de niveles/" tstamps="/90dc18a7-d136-49c5-aca7-9f578dd2dde7/f793cc0c-ede8-43dc-9a01-a81d5ad3f9fc/"/>
      <tstamps>fa1fb6b7-c8b0-45dc-ae6b-5d84c42178db</tstamps>
    </comp>
    <comp ref="R9">
      <value>R</value>
      <footprint>Resistor_SMD:R_0805_2012Metric_Pad1.20x1.40mm_HandSolder</footprint>
      <libsource lib="Device" part="R" description="Resistor"/>
      <property name="Sheetname" value="Conversor de niveles"/>
      <property name="Sheetfile" value="conversor_niveles.kicad_sch"/>
      <sheetpath names="/perifericos/Conversor de niveles/" tstamps="/90dc18a7-d136-49c5-aca7-9f578dd2dde7/f793cc0c-ede8-43dc-9a01-a81d5ad3f9fc/"/>
      <tstamps>e47dfee4-8586-43a0-90c3-51066d051b92</tstamps>
    </comp>
    <comp ref="C8">
      <value>C_Polarized</value>
      <footprint>Capacitor_SMD:CP_Elec_8x6.9</footprint>
      <libsource lib="Device" part="C_Polarized" description="Polarized capacitor"/>
      <property name="Sheetname" value="regulador1"/>
      <property name="Sheetfile" value="regulador.kicad_sch"/>
      <sheetpath names="/funcionamiento/regulador1/" tstamps="/5125aeff-fbaf-4069-9b26-eba443c92f10/ab816942-ca37-4395-8381-87b62ed341fa/"/>
      <tstamps>dcc85525-25f6-4689-aa85-18b1b3f46250</tstamps>
    </comp>
    <comp ref="C9">
      <value>C</value>
      <footprint>Capacitor_SMD:C_0805_2012Metric_Pad1.18x1.45mm_HandSolder</footprint>
      <libsource lib="Device" part="C" description="Unpolarized capacitor"/>
      <property name="Sheetname" value="regulador1"/>
      <property name="Sheetfile" value="regulador.kicad_sch"/>
      <sheetpath names="/funcionamiento/regulador1/" tstamps="/5125aeff-fbaf-4069-9b26-eba443c92f10/ab816942-ca37-4395-8381-87b62ed341fa/"/>
      <tstamps>c668d07b-48e5-47c8-9250-6d6fb4e7607d</tstamps>
    </comp>
    <comp ref="C10">
      <value>C_Polarized</value>
      <footprint>Capacitor_SMD:CP_Elec_8x6.9</footprint>
      <libsource lib="Device" part="C_Polarized" description="Polarized capacitor"/>
      <property name="Sheetname" value="regulador1"/>
      <property name="Sheetfile" value="regulador.kicad_sch"/>
      <sheetpath names="/funcionamiento/regulador1/" tstamps="/5125aeff-fbaf-4069-9b26-eba443c92f10/ab816942-ca37-4395-8381-87b62ed341fa/"/>
      <tstamps>6adfb656-fadb-4782-8076-f8717b94ce86</tstamps>
    </comp>
    <comp ref="D4">
      <value>DIODE</value>
      <footprint>Resistor_SMD:R_4020_10251Metric_Pad1.65x5.30mm_HandSolder</footprint>
      <libsource lib="pspice" part="DIODE" description="Diode symbol for simulation only. Pin order incompatible with official kicad footprints"/>
      <property name="Sheetname" value="regulador1"/>
      <property name="Sheetfile" value="regulador.kicad_sch"/>
      <sheetpath names="/funcionamiento/regulador1/" tstamps="/5125aeff-fbaf-4069-9b26-eba443c92f10/ab816942-ca37-4395-8381-87b62ed341fa/"/>
      <tstamps>98c852c7-4008-4e0f-89ac-3d2c8aa0e3a2</tstamps>
    </comp>
    <comp ref="L1">
      <value>L</value>
      <footprint>Inductor_SMD:L_Neosid_SM-PIC0612H</footprint>
      <libsource lib="Device" part="L" description="Inductor"/>
      <property name="Sheetname" value="regulador1"/>
      <property name="Sheetfile" value="regulador.kicad_sch"/>
      <sheetpath names="/funcionamiento/regulador1/" tstamps="/5125aeff-fbaf-4069-9b26-eba443c92f10/ab816942-ca37-4395-8381-87b62ed341fa/"/>
      <tstamps>1c0db303-6554-463d-b3e6-31f60af3b913</tstamps>
    </comp>
    <comp ref="R10">
      <value>R</value>
      <footprint>Resistor_SMD:R_0805_2012Metric_Pad1.20x1.40mm_HandSolder</footprint>
      <libsource lib="Device" part="R" description="Resistor"/>
      <property name="Sheetname" value="regulador1"/>
      <property name="Sheetfile" value="regulador.kicad_sch"/>
      <sheetpath names="/funcionamiento/regulador1/" tstamps="/5125aeff-fbaf-4069-9b26-eba443c92f10/ab816942-ca37-4395-8381-87b62ed341fa/"/>
      <tstamps>20a047cd-7607-4abb-a367-5edb6bce472b</tstamps>
    </comp>
    <comp ref="R11">
      <value>R</value>
      <footprint>Resistor_SMD:R_0805_2012Metric_Pad1.20x1.40mm_HandSolder</footprint>
      <libsource lib="Device" part="R" description="Resistor"/>
      <property name="Sheetname" value="regulador1"/>
      <property name="Sheetfile" value="regulador.kicad_sch"/>
      <sheetpath names="/funcionamiento/regulador1/" tstamps="/5125aeff-fbaf-4069-9b26-eba443c92f10/ab816942-ca37-4395-8381-87b62ed341fa/"/>
      <tstamps>8b86c6a7-d232-4471-a423-8884526eae2e</tstamps>
    </comp>
    <comp ref="U3">
      <value>LM2596S-5</value>
      <footprint>Package_TO_SOT_SMD:TO-263-5_TabPin3</footprint>
      <datasheet>http://www.ti.com/lit/ds/symlink/lm2596.pdf</datasheet>
      <libsource lib="Regulator_Switching" part="LM2596S-5" description="5V 3A Step-Down Voltage Regulator, TO-263"/>
      <property name="Sheetname" value="regulador1"/>
      <property name="Sheetfile" value="regulador.kicad_sch"/>
      <sheetpath names="/funcionamiento/regulador1/" tstamps="/5125aeff-fbaf-4069-9b26-eba443c92f10/ab816942-ca37-4395-8381-87b62ed341fa/"/>
      <tstamps>460d493e-4fb5-43ee-8566-b6feef886907</tstamps>
    </comp>
  </components>
  <libparts>
    <libpart lib="Connector" part="Conn_01x02_Female">
      <description>Generic connector, single row, 01x02, script generated (kicad-library-utils/schlib/autogen/connector/)</description>
      <docs>~</docs>
      <footprints>
        <fp>Connector*:*_1x??_*</fp>
      </footprints>
      <fields>
        <field name="Reference">J</field>
        <field name="Value">Conn_01x02_Female</field>
        <field name="Datasheet">~</field>
      </fields>
      <pins>
        <pin num="1" name="Pin_1" type="passive"/>
        <pin num="2" name="Pin_2" type="passive"/>
      </pins>
    </libpart>
    <libpart lib="Connector" part="Conn_01x04_Female">
      <description>Generic connector, single row, 01x04, script generated (kicad-library-utils/schlib/autogen/connector/)</description>
      <docs>~</docs>
      <footprints>
        <fp>Connector*:*_1x??_*</fp>
      </footprints>
      <fields>
        <field name="Reference">J</field>
        <field name="Value">Conn_01x04_Female</field>
        <field name="Datasheet">~</field>
      </fields>
      <pins>
        <pin num="1" name="Pin_1" type="passive"/>
        <pin num="2" name="Pin_2" type="passive"/>
        <pin num="3" name="Pin_3" type="passive"/>
        <pin num="4" name="Pin_4" type="passive"/>
      </pins>
    </libpart>
    <libpart lib="Connector" part="Conn_01x05_Female">
      <description>Generic connector, single row, 01x05, script generated (kicad-library-utils/schlib/autogen/connector/)</description>
      <docs>~</docs>
      <footprints>
        <fp>Connector*:*_1x??_*</fp>
      </footprints>
      <fields>
        <field name="Reference">J</field>
        <field name="Value">Conn_01x05_Female</field>
        <field name="Datasheet">~</field>
      </fields>
      <pins>
        <pin num="1" name="Pin_1" type="passive"/>
        <pin num="2" name="Pin_2" type="passive"/>
        <pin num="3" name="Pin_3" type="passive"/>
        <pin num="4" name="Pin_4" type="passive"/>
        <pin num="5" name="Pin_5" type="passive"/>
      </pins>
    </libpart>
    <libpart lib="Connector" part="Conn_01x08_Female">
      <description>Generic connector, single row, 01x08, script generated (kicad-library-utils/schlib/autogen/connector/)</description>
      <docs>~</docs>
      <footprints>
        <fp>Connector*:*_1x??_*</fp>
      </footprints>
      <fields>
        <field name="Reference">J</field>
        <field name="Value">Conn_01x08_Female</field>
        <field name="Datasheet">~</field>
      </fields>
      <pins>
        <pin num="1" name="Pin_1" type="passive"/>
        <pin num="2" name="Pin_2" type="passive"/>
        <pin num="3" name="Pin_3" type="passive"/>
        <pin num="4" name="Pin_4" type="passive"/>
        <pin num="5" name="Pin_5" type="passive"/>
        <pin num="6" name="Pin_6" type="passive"/>
        <pin num="7" name="Pin_7" type="passive"/>
        <pin num="8" name="Pin_8" type="passive"/>
      </pins>
    </libpart>
    <libpart lib="Connector" part="Conn_01x14_Female">
      <description>Generic connector, single row, 01x14, script generated (kicad-library-utils/schlib/autogen/connector/)</description>
      <docs>~</docs>
      <footprints>
        <fp>Connector*:*_1x??_*</fp>
      </footprints>
      <fields>
        <field name="Reference">J</field>
        <field name="Value">Conn_01x14_Female</field>
        <field name="Datasheet">~</field>
      </fields>
      <pins>
        <pin num="1" name="Pin_1" type="passive"/>
        <pin num="2" name="Pin_2" type="passive"/>
        <pin num="3" name="Pin_3" type="passive"/>
        <pin num="4" name="Pin_4" type="passive"/>
        <pin num="5" name="Pin_5" type="passive"/>
        <pin num="6" name="Pin_6" type="passive"/>
        <pin num="7" name="Pin_7" type="passive"/>
        <pin num="8" name="Pin_8" type="passive"/>
        <pin num="9" name="Pin_9" type="passive"/>
        <pin num="10" name="Pin_10" type="passive"/>
        <pin num="11" name="Pin_11" type="passive"/>
        <pin num="12" name="Pin_12" type="passive"/>
        <pin num="13" name="Pin_13" type="passive"/>
        <pin num="14" name="Pin_14" type="passive"/>
      </pins>
    </libpart>
    <libpart lib="Connector" part="USB_A">
      <description>USB Type A connector</description>
      <docs> ~</docs>
      <footprints>
        <fp>USB*</fp>
      </footprints>
      <fields>
        <field name="Reference">J</field>
        <field name="Value">USB_A</field>
        <field name="Datasheet"> ~</field>
      </fields>
      <pins>
        <pin num="1" name="VBUS" type="power_in"/>
        <pin num="2" name="D-" type="bidirectional"/>
        <pin num="3" name="D+" type="bidirectional"/>
        <pin num="4" name="GND" type="power_in"/>
        <pin num="5" name="Shield" type="passive"/>
      </pins>
    </libpart>
    <libpart lib="Device" part="C">
      <description>Unpolarized capacitor</description>
      <docs>~</docs>
      <footprints>
        <fp>C_*</fp>
      </footprints>
      <fields>
        <field name="Reference">C</field>
        <field name="Value">C</field>
        <field name="Datasheet">~</field>
      </fields>
      <pins>
        <pin num="1" name="" type="passive"/>
        <pin num="2" name="" type="passive"/>
      </pins>
    </libpart>
    <libpart lib="Device" part="C_Polarized">
      <description>Polarized capacitor</description>
      <docs>~</docs>
      <footprints>
        <fp>CP_*</fp>
      </footprints>
      <fields>
        <field name="Reference">C</field>
        <field name="Value">C_Polarized</field>
        <field name="Datasheet">~</field>
      </fields>
      <pins>
        <pin num="1" name="" type="passive"/>
        <pin num="2" name="" type="passive"/>
      </pins>
    </libpart>
    <libpart lib="Device" part="FerriteBead">
      <description>Ferrite bead</description>
      <docs>~</docs>
      <footprints>
        <fp>Inductor_*</fp>
        <fp>L_*</fp>
        <fp>*Ferrite*</fp>
      </footprints>
      <fields>
        <field name="Reference">FB</field>
        <field name="Value">FerriteBead</field>
        <field name="Datasheet">~</field>
      </fields>
      <pins>
        <pin num="1" name="" type="passive"/>
        <pin num="2" name="" type="passive"/>
      </pins>
    </libpart>
    <libpart lib="Device" part="L">
      <description>Inductor</description>
      <docs>~</docs>
      <footprints>
        <fp>Choke_*</fp>
        <fp>*Coil*</fp>
        <fp>Inductor_*</fp>
        <fp>L_*</fp>
      </footprints>
      <fields>
        <field name="Reference">L</field>
        <field name="Value">L</field>
        <field name="Datasheet">~</field>
      </fields>
      <pins>
        <pin num="1" name="1" type="passive"/>
        <pin num="2" name="2" type="passive"/>
      </pins>
    </libpart>
    <libpart lib="Device" part="LED">
      <description>Light emitting diode</description>
      <docs>~</docs>
      <footprints>
        <fp>LED*</fp>
        <fp>LED_SMD:*</fp>
        <fp>LED_THT:*</fp>
      </footprints>
      <fields>
        <field name="Reference">D</field>
        <field name="Value">LED</field>
        <field name="Datasheet">~</field>
      </fields>
      <pins>
        <pin num="1" name="K" type="passive"/>
        <pin num="2" name="A" type="passive"/>
      </pins>
    </libpart>
    <libpart lib="Device" part="R">
      <description>Resistor</description>
      <docs>~</docs>
      <footprints>
        <fp>R_*</fp>
      </footprints>
      <fields>
        <field name="Reference">R</field>
        <field name="Value">R</field>
        <field name="Datasheet">~</field>
      </fields>
      <pins>
        <pin num="1" name="" type="passive"/>
        <pin num="2" name="" type="passive"/>
      </pins>
    </libpart>
    <libpart lib="RF_Module" part="ESP32-WROOM-32">
      <description>RF Module, ESP32-D0WDQ6 SoC, Wi-Fi 802.11b/g/n, Bluetooth, BLE, 32-bit, 2.7-3.6V, onboard antenna, SMD</description>
      <docs>https://www.espressif.com/sites/default/files/documentation/esp32-wroom-32_datasheet_en.pdf</docs>
      <footprints>
        <fp>ESP32?WROOM?32*</fp>
      </footprints>
      <fields>
        <field name="Reference">U</field>
        <field name="Value">ESP32-WROOM-32</field>
        <field name="Footprint">RF_Module:ESP32-WROOM-32</field>
        <field name="Datasheet">https://www.espressif.com/sites/default/files/documentation/esp32-wroom-32_datasheet_en.pdf</field>
      </fields>
      <pins>
        <pin num="1" name="GND" type="power_in"/>
        <pin num="2" name="VDD" type="power_in"/>
        <pin num="3" name="EN" type="input"/>
        <pin num="4" name="SENSOR_VP" type="input"/>
        <pin num="5" name="SENSOR_VN" type="input"/>
        <pin num="6" name="IO34" type="input"/>
        <pin num="7" name="IO35" type="input"/>
        <pin num="8" name="IO32" type="bidirectional"/>
        <pin num="9" name="IO33" type="bidirectional"/>
        <pin num="10" name="IO25" type="bidirectional"/>
        <pin num="11" name="IO26" type="bidirectional"/>
        <pin num="12" name="IO27" type="bidirectional"/>
        <pin num="13" name="IO14" type="bidirectional"/>
        <pin num="14" name="IO12" type="bidirectional"/>
        <pin num="15" name="GND" type="passive"/>
        <pin num="16" name="IO13" type="bidirectional"/>
        <pin num="17" name="SHD/SD2" type="bidirectional"/>
        <pin num="18" name="SWP/SD3" type="bidirectional"/>
        <pin num="19" name="SCS/CMD" type="bidirectional"/>
        <pin num="20" name="SCK/CLK" type="bidirectional"/>
        <pin num="21" name="SDO/SD0" type="bidirectional"/>
        <pin num="22" name="SDI/SD1" type="bidirectional"/>
        <pin num="23" name="IO15" type="bidirectional"/>
        <pin num="24" name="IO2" type="bidirectional"/>
        <pin num="25" name="IO0" type="bidirectional"/>
        <pin num="26" name="IO4" type="bidirectional"/>
        <pin num="27" name="IO16" type="bidirectional"/>
        <pin num="28" name="IO17" type="bidirectional"/>
        <pin num="29" name="IO5" type="bidirectional"/>
        <pin num="30" name="IO18" type="bidirectional"/>
        <pin num="31" name="IO19" type="bidirectional"/>
        <pin num="32" name="NC" type="no_connect"/>
        <pin num="33" name="IO21" type="bidirectional"/>
        <pin num="34" name="RXD0/IO3" type="bidirectional"/>
        <pin num="35" name="TXD0/IO1" type="bidirectional"/>
        <pin num="36" name="IO22" type="bidirectional"/>
        <pin num="37" name="IO23" type="bidirectional"/>
        <pin num="38" name="GND" type="passive"/>
        <pin num="39" name="GND" type="passive"/>
      </pins>
    </libpart>
    <libpart lib="Regulator_Linear" part="LM1117-3.3">
      <description>800mA Low-Dropout Linear Regulator, 3.3V fixed output, TO-220/TO-252/TO-263/SOT-223</description>
      <docs>http://www.ti.com/lit/ds/symlink/lm1117.pdf</docs>
      <footprints>
        <fp>SOT?223*</fp>
        <fp>TO?263*</fp>
        <fp>TO?252*</fp>
        <fp>TO?220*</fp>
      </footprints>
      <fields>
        <field name="Reference">U</field>
        <field name="Value">LM1117-3.3</field>
        <field name="Datasheet">http://www.ti.com/lit/ds/symlink/lm1117.pdf</field>
      </fields>
      <pins>
        <pin num="1" name="GND" type="power_in"/>
        <pin num="2" name="VO" type="power_out"/>
        <pin num="3" name="VI" type="power_in"/>
      </pins>
    </libpart>
    <libpart lib="Regulator_Switching" part="LM2596S-5">
      <description>5V 3A Step-Down Voltage Regulator, TO-263</description>
      <docs>http://www.ti.com/lit/ds/symlink/lm2596.pdf</docs>
      <footprints>
        <fp>TO?263*</fp>
      </footprints>
      <fields>
        <field name="Reference">U</field>
        <field name="Value">LM2596S-5</field>
        <field name="Footprint">Package_TO_SOT_SMD:TO-263-5_TabPin3</field>
        <field name="Datasheet">http://www.ti.com/lit/ds/symlink/lm2596.pdf</field>
      </fields>
      <pins>
        <pin num="1" name="VIN" type="power_in"/>
        <pin num="2" name="OUT" type="output"/>
        <pin num="3" name="GND" type="power_in"/>
        <pin num="4" name="FB" type="input"/>
        <pin num="5" name="~{ON}/OFF" type="input"/>
      </pins>
    </libpart>
    <libpart lib="Switch" part="SW_Push">
      <description>Push button switch, generic, two pins</description>
      <docs>~</docs>
      <fields>
        <field name="Reference">SW</field>
        <field name="Value">SW_Push</field>
        <field name="Datasheet">~</field>
      </fields>
      <pins>
        <pin num="1" name="1" type="passive"/>
        <pin num="2" name="2" type="passive"/>
      </pins>
    </libpart>
    <libpart lib="Transistor_FET" part="BSS138">
      <description>50V Vds, 0.22A Id, N-Channel MOSFET, SOT-23</description>
      <docs>https://www.onsemi.com/pub/Collateral/BSS138-D.PDF</docs>
      <footprints>
        <fp>SOT?23*</fp>
      </footprints>
      <fields>
        <field name="Reference">Q</field>
        <field name="Value">BSS138</field>
        <field name="Footprint">Package_TO_SOT_SMD:SOT-23</field>
        <field name="Datasheet">https://www.onsemi.com/pub/Collateral/BSS138-D.PDF</field>
      </fields>
      <pins>
        <pin num="1" name="G" type="input"/>
        <pin num="2" name="S" type="passive"/>
        <pin num="3" name="D" type="passive"/>
      </pins>
    </libpart>
    <libpart lib="pspice" part="DIODE">
      <description>Diode symbol for simulation only. Pin order incompatible with official kicad footprints</description>
      <docs>~</docs>
      <fields>
        <field name="Reference">D</field>
        <field name="Value">DIODE</field>
        <field name="Datasheet">~</field>
      </fields>
      <pins>
        <pin num="1" name="K" type="input"/>
        <pin num="2" name="A" type="input"/>
      </pins>
    </libpart>
  </libparts>
  <libraries>
    <library logical="Connector">
      <uri>C:\Program Files\KiCad\6.0\share\kicad\symbols\/Connector.kicad_sym</uri>
    </library>
    <library logical="Device">
      <uri>C:\Program Files\KiCad\6.0\share\kicad\symbols\/Device.kicad_sym</uri>
    </library>
    <library logical="RF_Module">
      <uri>C:\Program Files\KiCad\6.0\share\kicad\symbols\/RF_Module.kicad_sym</uri>
    </library>
    <library logical="Regulator_Linear">
      <uri>C:\Program Files\KiCad\6.0\share\kicad\symbols\/Regulator_Linear.kicad_sym</uri>
    </library>
    <library logical="Regulator_Switching">
      <uri>C:\Program Files\KiCad\6.0\share\kicad\symbols\/Regulator_Switching.kicad_sym</uri>
    </library>
    <library logical="Switch">
      <uri>C:\Program Files\KiCad\6.0\share\kicad\symbols\/Switch.kicad_sym</uri>
    </library>
    <library logical="Transistor_FET">
      <uri>C:\Program Files\KiCad\6.0\share\kicad\symbols\/Transistor_FET.kicad_sym</uri>
    </library>
    <library logical="pspice">
      <uri>C:\Program Files\KiCad\6.0\share\kicad\symbols\/pspice.kicad_sym</uri>
    </library>
  </libraries>
  <nets>
    <net code="1" name="+3V3">
      <node ref="C3" pin="1" pintype="passive"/>
      <node ref="C6" pin="1" pintype="passive"/>
      <node ref="C7" pin="1" pintype="passive"/>
      <node ref="J2" pin="8" pinfunction="Pin_8" pintype="passive"/>
      <node ref="J3" pin="8" pinfunction="Pin_8" pintype="passive"/>
      <node ref="J5" pin="14" pinfunction="Pin_14" pintype="passive"/>
      <node ref="J5" pin="7" pinfunction="Pin_7" pintype="passive"/>
      <node ref="Q1" pin="1" pinfunction="G" pintype="input"/>
      <node ref="Q2" pin="1" pinfunction="G" pintype="input"/>
      <node ref="R1" pin="1" pintype="passive"/>
      <node ref="R2" pin="1" pintype="passive"/>
      <node ref="R6" pin="1" pintype="passive"/>
      <node ref="R7" pin="1" pintype="passive"/>
      <node ref="U1" pin="2" pinfunction="VDD" pintype="power_in"/>
      <node ref="U2" pin="2" pinfunction="VO" pintype="power_out"/>
    </net>
    <net code="2" name="+5V">
      <node ref="C10" pin="1" pintype="passive"/>
      <node ref="C4" pin="1" pintype="passive"/>
      <node ref="C5" pin="1" pintype="passive"/>
      <node ref="C9" pin="2" pintype="passive"/>
      <node ref="D3" pin="2" pinfunction="A" pintype="passive"/>
      <node ref="J1" pin="1" pinfunction="Pin_1" pintype="passive"/>
      <node ref="J4" pin="1" pinfunction="VBUS" pintype="power_in"/>
      <node ref="L1" pin="2" pinfunction="2" pintype="passive"/>
      <node ref="R11" pin="2" pintype="passive"/>
      <node ref="R8" pin="1" pintype="passive"/>
      <node ref="R9" pin="1" pintype="passive"/>
      <node ref="U2" pin="3" pinfunction="VI" pintype="power_in"/>
    </net>
    <net code="3" name="+12V">
      <node ref="C8" pin="1" pintype="passive"/>
      <node ref="J7" pin="1" pinfunction="Pin_1" pintype="passive"/>
      <node ref="R10" pin="1" pintype="passive"/>
      <node ref="U3" pin="1" pinfunction="VIN" pintype="power_in"/>
    </net>
    <net code="4" name="/CLC_KEYBOARD">
      <node ref="U1" pin="8" pinfunction="IO32" pintype="bidirectional"/>
    </net>
    <net code="5" name="/CONEX">
      <node ref="D2" pin="2" pinfunction="A" pintype="passive"/>
      <node ref="U1" pin="14" pinfunction="IO12" pintype="bidirectional"/>
    </net>
    <net code="6" name="/CS_Display">
      <node ref="J5" pin="12" pinfunction="Pin_12" pintype="passive"/>
      <node ref="U1" pin="23" pinfunction="IO15" pintype="bidirectional"/>
    </net>
    <net code="7" name="/CS_LECTOR_2">
      <node ref="J3" pin="1" pinfunction="Pin_1" pintype="passive"/>
      <node ref="U1" pin="36" pinfunction="IO22" pintype="bidirectional"/>
    </net>
    <net code="8" name="/CS_lector_1">
      <node ref="J2" pin="1" pinfunction="Pin_1" pintype="passive"/>
      <node ref="U1" pin="29" pinfunction="IO5" pintype="bidirectional"/>
    </net>
    <net code="9" name="/DATA_KEYBOARD">
      <node ref="U1" pin="9" pinfunction="IO33" pintype="bidirectional"/>
    </net>
    <net code="10" name="/D{slash}C">
      <node ref="J5" pin="10" pinfunction="Pin_10" pintype="passive"/>
      <node ref="U1" pin="7" pinfunction="IO35" pintype="input"/>
    </net>
    <net code="11" name="/EN">
      <node ref="C2" pin="2" pintype="passive"/>
      <node ref="R2" pin="2" pintype="passive"/>
      <node ref="SW2" pin="2" pinfunction="2" pintype="passive"/>
      <node ref="U1" pin="3" pinfunction="EN" pintype="input"/>
    </net>
    <net code="12" name="/INFO">
      <node ref="D1" pin="2" pinfunction="A" pintype="passive"/>
      <node ref="U1" pin="24" pinfunction="IO2" pintype="bidirectional"/>
    </net>
    <net code="13" name="/IO0">
      <node ref="U1" pin="25" pinfunction="IO0" pintype="bidirectional"/>
    </net>
    <net code="14" name="/IOD">
      <node ref="C1" pin="2" pintype="passive"/>
      <node ref="R1" pin="2" pintype="passive"/>
      <node ref="SW1" pin="2" pinfunction="2" pintype="passive"/>
    </net>
    <net code="15" name="/MAGNE_2">
      <node ref="J6" pin="2" pinfunction="Pin_2" pintype="passive"/>
      <node ref="J6" pin="3" pinfunction="Pin_3" pintype="passive"/>
      <node ref="U1" pin="28" pinfunction="IO17" pintype="bidirectional"/>
      <node ref="U1" pin="33" pinfunction="IO21" pintype="bidirectional"/>
    </net>
    <net code="16" name="/MAGNE_3">
      <node ref="J6" pin="1" pinfunction="Pin_1" pintype="passive"/>
      <node ref="U1" pin="10" pinfunction="IO25" pintype="bidirectional"/>
    </net>
    <net code="17" name="/MISO">
      <node ref="J2" pin="4" pinfunction="Pin_4" pintype="passive"/>
      <node ref="J3" pin="4" pinfunction="Pin_4" pintype="passive"/>
      <node ref="J5" pin="6" pinfunction="Pin_6" pintype="passive"/>
      <node ref="U1" pin="31" pinfunction="IO19" pintype="bidirectional"/>
    </net>
    <net code="18" name="/MOSI">
      <node ref="J2" pin="3" pinfunction="Pin_3" pintype="passive"/>
      <node ref="J3" pin="3" pinfunction="Pin_3" pintype="passive"/>
      <node ref="J5" pin="9" pinfunction="Pin_9" pintype="passive"/>
      <node ref="U1" pin="37" pinfunction="IO23" pintype="bidirectional"/>
    </net>
    <net code="19" name="/RST_2">
      <node ref="J3" pin="7" pinfunction="Pin_7" pintype="passive"/>
      <node ref="U1" pin="12" pinfunction="IO27" pintype="bidirectional"/>
    </net>
    <net code="20" name="/RST_D">
      <node ref="J5" pin="11" pinfunction="Pin_11" pintype="passive"/>
      <node ref="U1" pin="6" pinfunction="IO34" pintype="input"/>
    </net>
    <net code="21" name="/Rst_1">
      <node ref="J2" pin="7" pinfunction="Pin_7" pintype="passive"/>
      <node ref="U1" pin="26" pinfunction="IO4" pintype="bidirectional"/>
    </net>
    <net code="22" name="/SCK">
      <node ref="J2" pin="2" pinfunction="Pin_2" pintype="passive"/>
      <node ref="J3" pin="2" pinfunction="Pin_2" pintype="passive"/>
      <node ref="J5" pin="8" pinfunction="Pin_8" pintype="passive"/>
      <node ref="U1" pin="30" pinfunction="IO18" pintype="bidirectional"/>
    </net>
    <net code="25" name="/perifericos/Data_5v_keyboard">
      <node ref="J4" pin="2" pinfunction="D-" pintype="bidirectional"/>
      <node ref="Q1" pin="3" pinfunction="D" pintype="passive"/>
      <node ref="R8" pin="2" pintype="passive"/>
    </net>
    <net code="26" name="/perifericos/Data_5v_mouse">
      <node ref="Q1" pin="2" pinfunction="S" pintype="passive"/>
      <node ref="R6" pin="2" pintype="passive"/>
    </net>
    <net code="36" name="/perifericos/clk_5V_keyboard">
      <node ref="J4" pin="3" pinfunction="D+" pintype="bidirectional"/>
      <node ref="Q2" pin="3" pinfunction="D" pintype="passive"/>
      <node ref="R9" pin="2" pintype="passive"/>
    </net>
    <net code="37" name="/perifericos/clk_5V_mouse">
      <node ref="Q2" pin="2" pinfunction="S" pintype="passive"/>
      <node ref="R7" pin="2" pintype="passive"/>
    </net>
    <net code="39" name="GND">
      <node ref="C1" pin="1" pintype="passive"/>
      <node ref="C10" pin="2" pintype="passive"/>
      <node ref="C2" pin="1" pintype="passive"/>
      <node ref="C3" pin="2" pintype="passive"/>
      <node ref="C4" pin="2" pintype="passive"/>
      <node ref="C5" pin="2" pintype="passive"/>
      <node ref="C6" pin="2" pintype="passive"/>
      <node ref="C7" pin="2" pintype="passive"/>
      <node ref="C8" pin="2" pintype="passive"/>
      <node ref="D4" pin="1" pinfunction="K" pintype="input"/>
      <node ref="FB1" pin="2" pintype="passive"/>
      <node ref="FB2" pin="1" pintype="passive"/>
      <node ref="J1" pin="2" pinfunction="Pin_2" pintype="passive"/>
      <node ref="J2" pin="6" pinfunction="Pin_6" pintype="passive"/>
      <node ref="J3" pin="6" pinfunction="Pin_6" pintype="passive"/>
      <node ref="J4" pin="4" pinfunction="GND" pintype="power_in"/>
      <node ref="J5" pin="13" pinfunction="Pin_13" pintype="passive"/>
      <node ref="J6" pin="4" pinfunction="Pin_4" pintype="passive"/>
      <node ref="R3" pin="2" pintype="passive"/>
      <node ref="R4" pin="2" pintype="passive"/>
      <node ref="R5" pin="2" pintype="passive"/>
      <node ref="SW1" pin="1" pinfunction="1" pintype="passive"/>
      <node ref="SW2" pin="1" pinfunction="1" pintype="passive"/>
      <node ref="U1" pin="1" pinfunction="GND" pintype="power_in"/>
      <node ref="U1" pin="15" pinfunction="GND" pintype="passive"/>
      <node ref="U1" pin="38" pinfunction="GND" pintype="passive"/>
      <node ref="U1" pin="39" pinfunction="GND" pintype="passive"/>
      <node ref="U2" pin="1" pinfunction="GND" pintype="power_in"/>
      <node ref="U3" pin="3" pinfunction="GND" pintype="power_in"/>
      <node ref="U3" pin="5" pinfunction="~{ON}/OFF" pintype="input"/>
    </net>
    <net code="40" name="Net-(C9-Pad1)">
      <node ref="C9" pin="1" pintype="passive"/>
      <node ref="R10" pin="2" pintype="passive"/>
      <node ref="R11" pin="1" pintype="passive"/>
      <node ref="U3" pin="4" pinfunction="FB" pintype="input"/>
    </net>
    <net code="41" name="Net-(D1-Pad1)">
      <node ref="D1" pin="1" pinfunction="K" pintype="passive"/>
      <node ref="R3" pin="1" pintype="passive"/>
    </net>
    <net code="42" name="Net-(D2-Pad1)">
      <node ref="D2" pin="1" pinfunction="K" pintype="passive"/>
      <node ref="R4" pin="1" pintype="passive"/>
    </net>
    <net code="43" name="Net-(D3-Pad1)">
      <node ref="D3" pin="1" pinfunction="K" pintype="passive"/>
      <node ref="R5" pin="1" pintype="passive"/>
    </net>
    <net code="44" name="Net-(D4-Pad2)">
      <node ref="D4" pin="2" pinfunction="A" pintype="input"/>
      <node ref="L1" pin="1" pinfunction="1" pintype="passive"/>
      <node ref="U3" pin="2" pinfunction="OUT" pintype="output"/>
    </net>
    <net code="45" name="Net-(FB1-Pad1)">
      <node ref="FB1" pin="1" pintype="passive"/>
      <node ref="J4" pin="5" pinfunction="Shield" pintype="passive"/>
    </net>
    <net code="46" name="Net-(FB2-Pad2)">
      <node ref="FB2" pin="2" pintype="passive"/>
      <node ref="J7" pin="2" pinfunction="Pin_2" pintype="passive"/>
    </net>
    <net code="47" name="Net-(J1-Pad3)">
      <node ref="J1" pin="3" pinfunction="Pin_3" pintype="passive"/>
      <node ref="U1" pin="35" pinfunction="TXD0/IO1" pintype="bidirectional"/>
    </net>
    <net code="48" name="Net-(J1-Pad4)">
      <node ref="J1" pin="4" pinfunction="Pin_4" pintype="passive"/>
      <node ref="U1" pin="34" pinfunction="RXD0/IO3" pintype="bidirectional"/>
    </net>
    <net code="49" name="unconnected-(J1-Pad5)">
      <node ref="J1" pin="5" pinfunction="Pin_5" pintype="passive+no_connect"/>
    </net>
    <net code="50" name="unconnected-(J2-Pad5)">
      <node ref="J2" pin="5" pinfunction="Pin_5" pintype="passive+no_connect"/>
    </net>
    <net code="51" name="unconnected-(J3-Pad5)">
      <node ref="J3" pin="5" pinfunction="Pin_5" pintype="passive+no_connect"/>
    </net>
    <net code="52" name="unconnected-(J5-Pad1)">
      <node ref="J5" pin="1" pinfunction="Pin_1" pintype="passive+no_connect"/>
    </net>
    <net code="53" name="unconnected-(J5-Pad2)">
      <node ref="J5" pin="2" pinfunction="Pin_2" pintype="passive+no_connect"/>
    </net>
    <net code="54" name="unconnected-(J5-Pad3)">
      <node ref="J5" pin="3" pinfunction="Pin_3" pintype="passive+no_connect"/>
    </net>
    <net code="55" name="unconnected-(J5-Pad4)">
      <node ref="J5" pin="4" pinfunction="Pin_4" pintype="passive+no_connect"/>
    </net>
    <net code="56" name="unconnected-(J5-Pad5)">
      <node ref="J5" pin="5" pinfunction="Pin_5" pintype="passive+no_connect"/>
    </net>
    <net code="57" name="unconnected-(U1-Pad4)">
      <node ref="U1" pin="4" pinfunction="SENSOR_VP" pintype="input+no_connect"/>
    </net>
    <net code="58" name="unconnected-(U1-Pad5)">
      <node ref="U1" pin="5" pinfunction="SENSOR_VN" pintype="input+no_connect"/>
    </net>
    <net code="59" name="unconnected-(U1-Pad11)">
      <node ref="U1" pin="11" pinfunction="IO26" pintype="bidirectional+no_connect"/>
    </net>
    <net code="60" name="unconnected-(U1-Pad13)">
      <node ref="U1" pin="13" pinfunction="IO14" pintype="bidirectional+no_connect"/>
    </net>
    <net code="61" name="unconnected-(U1-Pad16)">
      <node ref="U1" pin="16" pinfunction="IO13" pintype="bidirectional+no_connect"/>
    </net>
    <net code="62" name="unconnected-(U1-Pad17)">
      <node ref="U1" pin="17" pinfunction="SHD/SD2" pintype="bidirectional+no_connect"/>
    </net>
    <net code="63" name="unconnected-(U1-Pad18)">
      <node ref="U1" pin="18" pinfunction="SWP/SD3" pintype="bidirectional+no_connect"/>
    </net>
    <net code="64" name="unconnected-(U1-Pad19)">
      <node ref="U1" pin="19" pinfunction="SCS/CMD" pintype="bidirectional+no_connect"/>
    </net>
    <net code="65" name="unconnected-(U1-Pad20)">
      <node ref="U1" pin="20" pinfunction="SCK/CLK" pintype="bidirectional+no_connect"/>
    </net>
    <net code="66" name="unconnected-(U1-Pad21)">
      <node ref="U1" pin="21" pinfunction="SDO/SD0" pintype="bidirectional+no_connect"/>
    </net>
    <net code="67" name="unconnected-(U1-Pad22)">
      <node ref="U1" pin="22" pinfunction="SDI/SD1" pintype="bidirectional+no_connect"/>
    </net>
    <net code="68" name="unconnected-(U1-Pad27)">
      <node ref="U1" pin="27" pinfunction="IO16" pintype="bidirectional+no_connect"/>
    </net>
    <net code="69" name="unconnected-(U1-Pad32)">
      <node ref="U1" pin="32" pinfunction="NC" pintype="no_connect"/>
    </net>
  </nets>
</export>
